{
  "protocol": {
    "target": "intact preserved words only",
    "context_reconstructions": "redacted as unlabelled [MASK] slots",
    "scroll_split": "preserved-nonbib heldout",
    "sample_size": 300,
    "sample_seed": 42,
    "mean_context_gap_slots": 24.97,
    "researcher_comparison": false
  },
  "results": {
    "MsBERT base": {
      "top1": 12.0,
      "top5": 19.333333333333332,
      "top10": 24.666666666666668,
      "top20": 29.333333333333332,
      "total": 300
    },
    "Legacy span-refined": {
      "top1": 15.666666666666668,
      "top5": 25.333333333333336,
      "top10": 32.0,
      "top20": 35.333333333333336,
      "total": 300
    },
    "Preserved-only span": {
      "top1": 13.666666666666666,
      "top5": 30.666666666666664,
      "top10": 36.333333333333336,
      "top20": 43.666666666666664,
      "total": 300
    }
  }
}
