{
  "protocol": {
    "evaluation_split": "heldout-scrolls",
    "reranker_fit_split": "dev-scrolls",
    "sample_seed": 42,
    "sample_size": 300,
    "candidate_topn": 50
  },
  "results": {
    "Base Span-Refined": {
      "mlm": {
        "top1": 9.333333333333334,
        "top5": 20.666666666666668,
        "top10": 25.333333333333336,
        "top20": 32.0,
        "total": 300
      },
      "learned_rag": {
        "top1": 10.333333333333334,
        "top5": 22.0,
        "top10": 26.0,
        "top20": 32.666666666666664,
        "total": 300
      }
    },
    "Clitic-Augmented": {
      "mlm": {
        "top1": 10.333333333333334,
        "top5": 21.333333333333336,
        "top10": 26.0,
        "top20": 33.666666666666664,
        "total": 300
      },
      "learned_rag": {
        "top1": 11.333333333333332,
        "top5": 22.333333333333332,
        "top10": 26.333333333333332,
        "top20": 34.0,
        "total": 300
      }
    },
    "Expanded Corpus (3.8x)": {
      "mlm": {
        "top1": 10.0,
        "top5": 19.333333333333332,
        "top10": 26.333333333333332,
        "top20": 33.33333333333333,
        "total": 300
      },
      "learned_rag": {
        "top1": 10.333333333333334,
        "top5": 20.666666666666668,
        "top10": 26.666666666666668,
        "top20": 33.33333333333333,
        "total": 300
      }
    }
  }
}